year,week,datum,dominant_variant,Positiv getestet,bl_hosp,test_hosp_ratio
2020,11,2020-03-16,1,7502,2001.0,0.2667288723007198
2020,12,2020-03-23,1,25886,8310.0,0.321022946766592
2020,13,2020-03-30,1,33139,24564.0,0.7412414375810978
2020,14,2020-04-06,1,37649,41509.0,1.1025259635050069
2020,15,2020-04-13,1,30727,38760.0,1.2614313144791225
2020,16,2020-04-20,1,22724,27831.0,1.2247403626122162
2020,17,2020-04-27,1,18127,20679.0,1.1407844651624648
2020,18,2020-05-04,1,12600,12689.0,1.007063492063492
2020,19,2020-05-11,1,10181,8312.0,0.8164227482565564
2020,20,2020-05-18,1,7142,6502.0,0.9103892467096052
2020,21,2020-05-25,1,5315,4314.0,0.8116650987770461
2020,22,2020-06-01,1,4335,3345.0,0.7716262975778547
2020,23,2020-06-08,1,3219,2401.0,0.7458838148493321
2020,24,2020-06-15,1,2956,2025.0,0.6850473612990527
2020,25,2020-06-22,1,5588,2197.0,0.39316392269148176
2020,26,2020-06-29,1,3919,2254.0,0.575146721102322
2020,27,2020-07-06,1,3204,1970.0,0.614856429463171
2020,28,2020-07-13,1,3042,1800.0,0.591715976331361
2020,29,2020-07-20,1,3608,1967.0,0.5451773835920177
2020,30,2020-07-27,1,4537,2344.0,0.5166409521710381
2020,31,2020-08-03,1,5888,2487.0,0.42238451086956524
2020,32,2020-08-10,1,7374,2823.0,0.3828315703824247
2020,33,2020-08-17,1,8545,2974.0,0.34803978935049734
2020,34,2020-08-24,1,8868,3124.0,0.3522778529544429
2020,35,2020-08-31,1,8273,2823.0,0.3412305088843225
2020,36,2020-09-07,1,8203,2647.0,0.3226868218944289
2020,37,2020-09-14,1,10403,2991.0,0.2875132173411516
2020,38,2020-09-21,1,13647,4120.0,0.3018978530079871
2020,39,2020-09-28,1,15178,5118.0,0.33719857688760047
2020,40,2020-10-05,1,19930,5791.0,0.29056698444555945
2020,41,2020-10-12,1,30220,8506.0,0.2814692256783587
2020,42,2020-10-19,1,46000,13472.0,0.2928695652173913
2020,43,2020-10-26,1,80097,21828.0,0.27251957002134913
2020,44,2020-11-02,1,118111,35478.0,0.30037845755264114
2020,45,2020-11-09,1,128537,45937.0,0.3573834771310984
2020,46,2020-11-16,1,128986,50154.0,0.38883289659342873
2020,47,2020-11-23,1,131185,56092.0,0.4275793726416892
2020,48,2020-11-30,1,128882,57994.0,0.4499774987973495
2020,49,2020-12-07,1,138305,61022.0,0.441213260547341
2020,50,2020-12-14,1,169520,71362.0,0.42096507786691834
2020,51,2020-12-21,1,191718,84397.0,0.44021427304687094
2020,52,2020-12-28,1,141413,85838.0,0.6070021850890653
2020,53,2021-01-04,1,129930,78428.0,0.6036173324097591
2021,1,2021-01-04,1,158085,76534.0,0.48413195432836764
2021,2,2021-01-11,1,124315,74124.0,0.596259502071351
2021,3,2021-01-18,1,110482,66422.0,0.6012020057565939
2021,4,2021-01-25,1,97726,58211.0,0.5956551992305016
2021,5,2021-02-01,1,82686,49320.0,0.5964734054132501
2021,6,2021-02-08,1,68038,40798.0,0.5996354978100473
2021,7,2021-02-15,1,67925,36261.0,0.5338387927861612
2021,8,2021-02-22,1,72129,35313.0,0.48958116707565613
2021,9,2021-03-01,1,71792,32570.0,0.4536717182973033
2021,10,2021-03-08,2,85731,31813.0,0.3710793062019573
2021,11,2021-03-15,2,108192,37465.0,0.34628253475303167
2021,12,2021-03-22,2,132274,44163.0,0.333875137971181
2021,13,2021-03-29,2,129332,49547.0,0.38309931030216804
2021,14,2021-04-05,2,141499,48967.0,0.3460589827489947
2021,15,2021-04-12,2,163933,55673.0,0.33960825459181493
2021,16,2021-04-19,2,177793,56049.0,0.3152486318358991
2021,17,2021-04-26,2,152600,51871.0,0.3399148099606815
2021,18,2021-05-03,2,129152,43615.0,0.3377028617443013
2021,19,2021-05-10,2,90656,33838.0,0.3732571478997529
2021,20,2021-05-17,2,70540,24490.0,0.3471789055854834
2021,21,2021-05-24,2,39554,15006.0,0.379380087980988
2021,22,2021-05-31,2,27609,10465.0,0.37904306566699264
2021,23,2021-06-07,2,19346,6880.0,0.3556290706089114
2021,24,2021-06-14,2,10488,4623.0,0.4407894736842105
2021,25,2021-06-21,3,6949,3117.0,0.44855374874082604
2021,26,2021-06-28,3,5918,2340.0,0.39540385265292327
2021,27,2021-07-05,3,6897,2326.0,0.3372480788748731
2021,28,2021-07-12,3,9874,2674.0,0.2708122341502937
2021,29,2021-07-19,3,13814,3536.0,0.2559722021137976
2021,30,2021-07-26,3,17122,4706.0,0.2748510688003738
2021,31,2021-08-02,3,22524,6313.0,0.28027881370982066
2021,32,2021-08-09,3,34300,9073.0,0.26451895043731777
2021,33,2021-08-16,3,54021,14123.0,0.2614353677273653
2021,34,2021-08-23,3,70612,19600.0,0.27757321701693766
2021,35,2021-08-30,3,82183,22587.0,0.2748378618449071
2021,36,2021-09-06,3,80114,23198.0,0.2895623736175949
2021,37,2021-09-13,3,72719,21642.0,0.2976113532914369
2021,38,2021-09-20,3,61696,18174.0,0.29457339211618255
2021,39,2021-09-27,3,61795,17854.0,0.288923052026863
2021,40,2021-10-04,3,62246,17457.0,0.2804517559361244
2021,41,2021-10-11,3,69754,19770.0,0.2834246064741807
2021,42,2021-10-18,3,98736,27224.0,0.27572516609949765
2021,43,2021-10-25,3,141343,36948.0,0.26140664907353034
2021,44,2021-11-01,3,188951,44320.0,0.23455816587369213
2021,45,2021-11-08,3,279857,55207.0,0.19726860503757276
2021,46,2021-11-15,3,366965,67004.0,0.18258962026351286
2021,47,2021-11-22,3,409686,75235.0,0.18364064185742252
2021,48,2021-11-29,3,401160,74232.0,0.18504337421477715
2021,49,2021-12-06,3,342631,72747.0,0.2123187919365148
2021,50,2021-12-13,3,286962,61955.0,0.2158996661578885
2021,51,2021-12-20,3,202569,48159.0,0.23774121410482354
2021,52,2021-12-27,3,206409,37275.0,0.18058805575338285
2022,1,2022-01-03,4,341907,36555.0,0.10691503829988856
2022,2,2022-01-10,4,501752,35199.0,0.0701521867376712
2022,3,2022-01-17,4,810100,40976.0,0.05058140970250587
2022,4,2022-01-24,4,1036581,52860.0,0.050994567718296975
2022,5,2022-01-31,4,1161797,62613.0,0.05389323608169069
2022,6,2022-02-07,4,1094707,72038.0,0.06580573614674977
2022,7,2022-02-14,4,987782,70915.0,0.07179215656895954
2022,8,2022-02-21,4,894220,70593.0,0.07894366039677037
2022,9,2022-02-28,4,949895,66845.0,0.07037093573500229
2022,10,2022-03-07,4,1215710,72017.0,0.05923863421375163
2022,11,2022-03-14,4,1381801,82957.0,0.06003541754565238
2022,12,2022-03-21,4,1285968,82956.0,0.06450860363554925
2022,13,2022-03-28,4,1016814,79195.0,0.0778854343075528
2022,14,2022-04-04,4,765812,67530.0,0.0881809112419236
2022,15,2022-04-11,4,619849,60130.0,0.09700749698716946
2022,16,2022-04-18,4,539359,48001.0,0.08899638274321926
2022,17,2022-04-25,4,453117,48670.0,0.1074115515418755
2022,18,2022-05-02,4,368520,38221.0,0.10371485943775101
2022,19,2022-05-09,4,307489,33199.0,0.10796808991541161
2022,20,2022-05-16,4,218399,26640.0,0.1219785804880059
2022,21,2022-05-23,4,143827,18633.0,0.12955147503598072
2022,22,2022-05-30,4,195811,7507.0,0.0383379891834473
2022,23,2022-06-06,4,258744,,
