Kalenderwoche,Anzahl Testungen,Positiv getestet,Positivenanteil,Anzahl übermittelnder Labore,year,week,datum,dominant_variant
11/2020,129291,7502,5.80241470790697,119,2020,11,2020-03-16,1
12/2020,374534,25886,6.911522051402541,154,2020,12,2020-03-23,1
13/2020,377599,33139,8.776241462503869,159,2020,13,2020-03-30,1
14/2020,417646,37649,9.014572149619529,163,2020,14,2020-04-06,1
15/2020,383694,30727,8.00820445459142,174,2020,15,2020-04-13,1
16/2020,339983,22724,6.683863604944951,172,2020,16,2020-04-20,1
17/2020,363659,18127,4.9846147077344405,180,2020,17,2020-04-27,1
18/2020,327799,12600,3.8438189256221,178,2020,18,2020-05-04,1
19/2020,385638,10181,2.64004065989348,181,2020,19,2020-05-11,1
20/2020,431682,7142,1.6544586061035702,183,2020,20,2020-05-18,1
21/2020,356489,5315,1.49092959390051,181,2020,21,2020-05-25,1
22/2020,408078,4335,1.0622969138253,175,2020,22,2020-06-01,1
23/2020,342328,3219,0.940326236825501,178,2020,23,2020-06-08,1
24/2020,327980,2956,0.9012744679553629,175,2020,24,2020-06-15,1
25/2020,384834,5588,1.45205465213573,175,2020,25,2020-06-22,1
26/2020,472823,3919,0.828851388363087,182,2020,26,2020-06-29,1
27/2020,512969,3204,0.624599147316894,154,2020,27,2020-07-06,1
28/2020,513572,3042,0.5923220113246049,182,2020,28,2020-07-13,1
29/2020,544219,3608,0.662968400588734,182,2020,29,2020-07-20,1
30/2020,556634,4537,0.815077771030875,187,2020,30,2020-07-27,1
31/2020,589201,5888,0.9993194173125981,175,2020,31,2020-08-03,1
32/2020,719476,7374,1.0249125752631099,174,2020,32,2020-08-10,1
33/2020,871191,8545,0.980841170305938,189,2020,33,2020-08-17,1
34/2020,1034449,8868,0.8572679755116009,197,2020,34,2020-08-24,1
35/2020,1133623,8273,0.7297840640142271,196,2020,35,2020-08-31,1
36/2020,1052942,8203,0.779055256604827,195,2020,36,2020-09-07,1
37/2020,1148465,10403,0.905817765452147,197,2020,37,2020-09-14,1
38/2020,1147879,13647,1.1888883758653999,206,2020,38,2020-09-21,1
39/2020,1220279,15178,1.24381391468672,200,2020,39,2020-09-28,1
40/2020,1129127,19930,1.7650804559628799,198,2020,40,2020-10-05,1
41/2020,1218988,30220,2.47910561875917,198,2020,41,2020-10-12,1
42/2020,1284349,46000,3.58158101886637,205,2020,42,2020-10-19,1
43/2020,1445463,80097,5.54126947559363,209,2020,43,2020-10-26,1
44/2020,1663992,118111,7.09805095216804,210,2020,44,2020-11-02,1
45/2020,1634729,128537,7.86289348265064,208,2020,45,2020-11-09,1
46/2020,1467454,128986,8.78978148548438,206,2020,46,2020-11-16,1
47/2020,1400145,131185,9.36938674208743,204,2020,47,2020-11-23,1
48/2020,1381117,128882,9.33172207713032,206,2020,48,2020-11-30,1
49/2020,1395790,138305,9.9087255246133,208,2020,49,2020-12-07,1
50/2020,1516038,169520,11.181777765465,206,2020,50,2020-12-14,1
51/2020,1676387,191718,11.4363807402467,213,2020,51,2020-12-21,1
52/2020,1090372,141413,12.969243524228402,208,2020,52,2020-12-28,1
53/2020,845729,129930,15.3630772978105,205,2020,53,2021-01-04,1
1/2021,1234110,158085,12.809636094027299,206,2021,1,2021-01-04,1
2/2021,1190777,124315,10.439822065760401,206,2021,2,2021-01-11,1
3/2021,1117130,110482,9.889806915936369,208,2021,3,2021-01-18,1
4/2021,1155450,97726,8.45783028257389,208,2021,4,2021-01-25,1
5/2021,1104870,82686,7.483776371880849,208,2021,5,2021-02-01,1
6/2021,1063470,68038,6.39773571421855,213,2021,6,2021-02-08,1
7/2021,1108250,67925,6.12903225806452,210,2021,7,2021-02-15,1
8/2021,1175587,72129,6.13557312219342,212,2021,8,2021-02-22,1
9/2021,1157635,71792,6.20160931554419,213,2021,9,2021-03-01,1
10/2021,1284448,85731,6.67454034729316,217,2021,10,2021-03-08,2
11/2021,1374661,108192,7.87044951446211,212,2021,11,2021-03-15,2
12/2021,1422960,132274,9.29569348400517,209,2021,12,2021-03-22,2
13/2021,1186007,129332,10.904826025478801,211,2021,13,2021-03-29,2
14/2021,1177749,141499,12.0143595961449,213,2021,14,2021-04-05,2
15/2021,1321244,163933,12.407473562793902,214,2021,15,2021-04-12,2
16/2021,1436474,177793,12.3770426753286,216,2021,16,2021-04-19,2
17/2021,1370030,152600,11.1384422238929,215,2021,17,2021-04-26,2
18/2021,1264101,129152,10.2169051365358,216,2021,18,2021-05-03,2
19/2021,1107022,90656,8.1891778121844,214,2021,19,2021-05-10,2
20/2021,1226169,70540,5.75287745816441,213,2021,20,2021-05-17,2
21/2021,955957,39554,4.13763380570465,212,2021,21,2021-05-24,2
22/2021,888506,27609,3.10735099143956,212,2021,22,2021-05-31,2
23/2021,840267,19346,2.30236341543819,213,2021,23,2021-06-07,2
24/2021,735246,10488,1.4264613476305903,209,2021,24,2021-06-14,2
25/2021,718914,6949,0.96659683912123,213,2021,25,2021-06-21,3
26/2021,731164,5918,0.809394335607333,218,2021,26,2021-06-28,3
27/2021,616567,6897,1.11861322451575,216,2021,27,2021-07-05,3
28/2021,612370,9874,1.61242386139099,212,2021,28,2021-07-12,3
29/2021,598947,13814,2.3063810320445697,212,2021,29,2021-07-19,3
30/2021,587834,17122,2.91272706240197,211,2021,30,2021-07-26,3
31/2021,594459,22524,3.78899133497853,213,2021,31,2021-08-02,3
32/2021,572722,34300,5.98894402519896,208,2021,32,2021-08-09,3
33/2021,695805,54021,7.763813137301401,209,2021,33,2021-08-16,3
34/2021,866361,70612,8.15041304952555,212,2021,34,2021-08-23,3
35/2021,951403,82183,8.638085017600321,214,2021,35,2021-08-30,3
36/2021,1016044,80114,7.88489474865262,215,2021,36,2021-09-06,3
37/2021,987125,72719,7.36674686589844,217,2021,37,2021-09-13,3
38/2021,968235,61696,6.372006795870839,215,2021,38,2021-09-20,3
39/2021,970280,61795,6.368780145937259,214,2021,39,2021-09-27,3
40/2021,964097,62246,6.45640428297153,213,2021,40,2021-10-04,3
41/2021,864132,69754,8.07214638504303,211,2021,41,2021-10-11,3
42/2021,913283,98736,10.811106743473802,208,2021,42,2021-10-18,3
43/2021,1169746,141343,12.0832214856901,216,2021,43,2021-10-25,3
44/2021,1197687,188951,15.776325534133699,214,2021,44,2021-11-01,3
45/2021,1638310,279857,17.0820540679114,215,2021,45,2021-11-08,3
46/2021,1871731,366965,19.605648461237198,214,2021,46,2021-11-15,3
47/2021,1952979,409686,20.9774913094304,212,2021,47,2021-11-22,3
48/2021,1950817,401160,20.5636920326202,213,2021,48,2021-11-29,3
49/2021,1742512,342631,19.663049666229,213,2021,49,2021-12-06,3
50/2021,1557054,286962,18.42980397597,207,2021,50,2021-12-13,3
51/2021,1245166,202569,16.2684332852005,208,2021,51,2021-12-20,3
52/2021,960454,206409,21.4907741547227,211,2021,52,2021-12-27,3
1/2022,1500387,341907,22.787920716455197,215,2022,1,2022-01-03,4
2/2022,2053526,501752,24.4336813850908,210,2022,2,2022-01-10,4
3/2022,2525594,810100,32.0756226060087,215,2022,3,2022-01-17,4
4/2022,2564665,1036581,40.4177933570271,216,2022,4,2022-01-24,4
5/2022,2619696,1161797,44.3485427316757,216,2022,5,2022-01-31,4
6/2022,2490590,1094707,43.9537218088887,212,2022,6,2022-02-07,4
7/2022,2176754,987782,45.37866933976,216,2022,7,2022-02-14,4
8/2022,1994194,894220,44.8411739279127,210,2022,8,2022-02-21,4
9/2022,1873409,949895,50.704090777828,212,2022,9,2022-02-28,4
10/2022,2298071,1215710,52.901324632702796,214,2022,10,2022-03-07,4
11/2022,2487011,1381801,55.5607112312732,211,2022,11,2022-03-14,4
12/2022,2331811,1285968,55.1488950004953,208,2022,12,2022-03-21,4
13/2022,1969661,1016814,51.623807345528,207,2022,13,2022-03-28,4
14/2022,1558368,765812,49.141922832091,212,2022,14,2022-04-04,4
15/2022,1142423,619849,54.2573985292663,212,2022,15,2022-04-11,4
16/2022,1071298,539359,50.34630887017429,214,2022,16,2022-04-18,4
17/2022,1093326,453117,41.443906026199,214,2022,17,2022-04-25,4
18/2022,895929,368520,41.132723686809996,209,2022,18,2022-05-02,4
19/2022,804719,307489,38.2107294596002,208,2022,19,2022-05-09,4
20/2022,680331,218399,32.1018739407729,208,2022,20,2022-05-16,4
21/2022,506048,143827,28.4216121790818,209,2022,21,2022-05-23,4
22/2022,596741,195811,32.813398107386604,204,2022,22,2022-05-30,4
23/2022,619298,258744,41.7802092046155,198,2022,23,2022-06-06,4
